after,next,note
<number>,টাকা,
<number>,কেজি,
<number>,লিটার,
<number>,পিস,
<number>,গ্রাম,
<number>,হালি,
<number>,ডজন,
<number>,প্যাকেট,
<number>,বোতল,
<number>,বস্তা,
<customer>,কে,
<customer>,ভাই,
<customer>,আপা,
<customer>,এর কত বাকি,
ভাই,কে,
ভাই,এর কত বাকি,
আপা,কে,
আপা,এর কত বাকি,
টাকা,বাকি,
টাকা,দিয়েছে,
টাকা,জমা দিয়েছে,
টাকা,নগদ,
টাকা,দিলাম,
কেজি,চাল,
কেজি,ডাল,
কেজি,চিনি,
কেজি,আটা,
কেজি,আলু,
কেজি,পেঁয়াজ,
কেজি,লবণ,
গ্রাম,মরিচ,
গ্রাম,হলুদ,
গ্রাম,জিরা,
গ্রাম,চা পাতা,
লিটার,সয়াবিন তেল,
লিটার,তেল,
লিটার,দুধ,
লিটার,পানি,
পিস,ডিম,
পিস,সাবান,
পিস,বিস্কুট,
পিস,ব্যাটারি,
হালি,ডিম,
ডজন,ডিম,
ডজন,কলা,
প্যাকেট,বিস্কুট,
প্যাকেট,নুডলস,
প্যাকেট,চানাচুর,
প্যাকেট,চা পাতা,
বোতল,তেল,
বোতল,পানি,
বোতল,কোক,
বস্তা,চাল,
বস্তা,সিমেন্ট,
বস্তা,আটা,
বাকি,দিলাম,
বাকি,নিয়েছে,
জমা,দিয়েছে,
মোট,বিক্রি,
মোট,বাকি,
কত,টাকা,
কত,বাকি,
দোকান,ভাড়া,
বিদ্যুৎ,বিল,
