word,aliases,category,note
টাকা,tk|taka,money,
বাকি,due|credit|baki,money,
জমা,deposit|joma,money,
দিয়েছে,paid|dise|dice|diyeche,money,
দিয়েছেন,diyechen,money,
দিলাম,dilam,money,
দিল,dilo,money,
নিয়েছে,nise|niyeche,money,
নিলাম,nilam,money,
পেলাম,received|pelam,money,
শোধ,shodh,money,
পরিশোধ,porishodh,money,
নগদ,cash|nogod,money,
বিক্রি,sale|sold|sell|bikri,money,
খরচ,expense|cost|khoroch,money,
মোট,total|mot,money,
লাভ,profit|lav|labh,money,
ফেরত,return|refund|ferot,money,
ছাড়,discount,money,
অগ্রিম,advance|ogrim,money,
হিসাব,hisab|account,money,
খাতা,khata|ledger,money,
বিকাশ,bkash|bikash,money,
রকেট,rocket,money,
উপায়,upay,money,
ব্যাংক,bank,money,
কত,koto,question_time,
কার,kar,question_time,
কাকে,kake,question_time,
আজ,today|aj|aaj,question_time,
আজকে,ajke,question_time,
গতকাল,yesterday|gotokal,question_time,
সপ্তাহ,week|soptah,question_time,
মাস,month|mas,question_time,
বছর,year|bochor,question_time,
সকাল,morning|sokal,question_time,
বিকাল,afternoon|bikal,question_time,
রাত,night|rat,question_time,
সবচেয়ে,sobcheye,question_time,
বেশি,more|beshi,question_time,
কম,less|kom,question_time,
ভাই,bhai|vai,people,
আপা,apa,people,
ভাবি,vabi|bhabi,people,
চাচা,chacha,people,
মামা,mama,people,
খালা,khala,people,
কাস্টমার,customer,people,
কর্মচারী,staff|worker,people,
দোকান,shop|dokan,shop_cost,
ভাড়া,rent|vara|bhara,shop_cost,
বিল,bill,shop_cost,
বেতন,salary|beton,shop_cost,
বিদ্যুৎ,electricity|biddut,shop_cost,
গ্যাস,gas,shop_cost,
ইন্টারনেট,internet,shop_cost,
রিচার্জ,recharge,shop_cost,
মাল,goods|mal,shop_cost,
কেজি,kg|kilo|keji,unit,
গ্রাম,gm|gram,unit,
লিটার,liter|litre|ltr,unit,
পিস,pc|pcs|piece|pis,unit,
ডজন,dozen,unit,
হালি,hali,unit,
প্যাকেট,packet|pkt,unit,
বোতল,bottle,unit,
বস্তা,sack|bosta,unit,
কার্টন,carton,unit,
মিটার,meter|metre,unit,
ফুট,feet|foot|ft,unit,
গজ,yard|goj,unit,
পাতা,strip|pata,unit,
চাল,rice,grocery,
মিনিকেট,miniket,grocery,
ডাল,lentil|dal,grocery,
মসুর,mosur,grocery,
তেল,oil,grocery,
সয়াবিন,soybean,grocery,
সরিষা,mustard|sorisha,grocery,
চিনি,sugar,grocery,
লবণ,salt|lobon,grocery,
আটা,flour|atta,grocery,
ময়দা,moida|maida,grocery,
সুজি,suji|semolina,grocery,
ডিম,egg|eggs,grocery,
দুধ,milk|dudh,grocery,
গুঁড়া দুধ,powder|milk,grocery,
পেঁয়াজ,onion|peyaj|piyaj,grocery,
রসুন,garlic,grocery,
আদা,ginger,grocery,
আলু,potato|alu,grocery,
মরিচ,chili|chilli|morich,grocery,
হলুদ,turmeric|holud,grocery,
জিরা,cumin|jira,grocery,
মসলা,spice|moshla,grocery,
চা,tea|cha,grocery,
চা পাতা,tea|leaves,grocery,
কফি,coffee,grocery,
বিস্কুট,biscuit|biscuits,grocery,
চানাচুর,chanachur,grocery,
মুড়ি,muri|puffed|rice,grocery,
চিড়া,chira,grocery,
সেমাই,semai,grocery,
নুডলস,noodles,grocery,
পাউরুটি,bread,grocery,
কেক,cake,grocery,
কলা,banana,grocery,
সাবান,soap,grocery,
শ্যাম্পু,shampoo,grocery,
টুথপেস্ট,toothpaste,grocery,
ব্রাশ,brush,grocery,
ডিটারজেন্ট,detergent,grocery,
টিস্যু,tissue,grocery,
মোমবাতি,candle,grocery,
দিয়াশলাই,matches|match,grocery,
ব্যাটারি,battery,grocery,
পানি,water|pani,grocery,
কোক,coke,grocery,
জুস,juice,grocery,
চকলেট,chocolate,grocery,
সিগারেট,cigarette,grocery,
মাছ,fish,grocery,
মাংস,meat,grocery,
মুরগি,chicken|murgi,grocery,
ওষুধ,medicine|oshudh,pharmacy,
ট্যাবলেট,tablet,pharmacy,
ক্যাপসুল,capsule,pharmacy,
সিরাপ,syrup,pharmacy,
স্যালাইন,saline,pharmacy,
প্যারাসিটামল,paracetamol,pharmacy,
গ্যাস্ট্রিক,gastric,pharmacy,
মলম,ointment|molom,pharmacy,
ব্যান্ডেজ,bandage,pharmacy,
সিমেন্ট,cement,hardware,
রড,rod,hardware,
বালু,sand|balu,hardware,
ইট,brick,hardware,
পেরেক,nail|perek,hardware,
স্ক্রু,screw,hardware,
তার,wire,hardware,
পাইপ,pipe,hardware,
রং,paint|rong,hardware,
বাল্ব,bulb,hardware,
এক,ek,number,
দুই,dui,number,
তিন,tin,number,
চার,char,number,
পাঁচ,pach,number,
দশ,dosh,number,
একশো,eksho,number,
দুইশো,duisho,number,
পাঁচশো,pachsho,number,
হাজার,hajar|thousand,number,
দেড়,der,number,
আড়াই,arai,number,
সাড়ে,sare,number,
আধা,adha|half,number,
