phrase,category,note
আজ মোট বিক্রি কত,question,
গতকাল মোট বিক্রি কত,question,
এই সপ্তাহে মোট বিক্রি কত,question,
এই মাসে মোট বিক্রি কত,question,
সবচেয়ে বেশি বাকি কার,question,
কত টাকা বাকি,question,
টাকা বাকি,entry,
টাকা দিয়েছে,entry,
টাকা জমা দিয়েছে,entry,
সব টাকা শোধ করেছে,entry,
নগদ দিয়েছে,entry,
বিকাশে দিয়েছে,entry,
বাকিতে নিয়েছে,entry,
নগদে বিক্রি,entry,
দোকান ভাড়া,expense,
বিদ্যুৎ বিল,expense,
গ্যাস বিল,expense,
পানির বিল,expense,
ইন্টারনেট বিল,expense,
মোবাইল রিচার্জ,expense,
কর্মচারীর বেতন,expense,
গাড়ি ভাড়া,expense,
মাল কেনা,expense,
সয়াবিন তেল,item,
চা পাতা,item,
গুঁড়া দুধ,item,
